,num_members
YPCDN Signup,705
Cancer,430
Public Health Programs,402
Health Policy,379
Diabetes,343
Cardiovascular Health,329
Social Determinants,314
Health Systems Strengthening,303
Advocacy,284
Risk Factor Control,283
Universal Health Care,275
Nutrition,271
Public Policy,263
Policy Research,247
Obesity,243
Clinical Research,235
Physical Inactivity,210
Essential Medicines,210
Mental Health,206
Tobacco,193
Chronic Respiratory Disease,192
Human Resources for Health,188
Medical Service Delivery,172
Alcohol,162
Infectious Agents,146
Laboratory Research,110
Donor,41
ethiopia,37
gondar,37
webform-contact,31
Event Attendee,14
kenya,9
fundraiser,7
USA,6
executive-team,6
baltimore,5
kigali,5
rwanda,5
boston,4
thika,4
Event host,3
kampala,3
uganda,3
eldoret,3
nairobi,2
Denmark,2
dar_es_salaam,2
tanzania,2
India,1
copenhagen,1
